{"cameraMode":{"drawMode":0,"name":"Shaded","section":"Shading Mode"},"sceneLighting":false,"audioPlay":false,"sceneViewState":{"showFog":true,"showMaterialUpdate":false,"showSkybox":true,"showFlares":true,"showImageEffects":true,"showParticleSystems":true},"in2DMode":false,"pivot":{"x":-3.4355239868164064,"y":10.163228034973145,"z":3.786508560180664},"rotation":{"x":0.13883356750011445,"y":-0.5726169347763062,"z":0.09913327544927597,"w":0.8018775582313538},"size":21.010000228881837,"orthographic":false}