{"cameraMode":{"drawMode":0,"name":"Shaded","section":"Shading Mode"},"sceneLighting":false,"audioPlay":false,"sceneViewState":{"showFog":true,"showMaterialUpdate":false,"showSkybox":true,"showFlares":true,"showImageEffects":true,"showParticleSystems":true},"in2DMode":false,"pivot":{"x":1.850000262260437,"y":0.8602890968322754,"z":-0.1626042127609253},"rotation":{"x":-0.13209319114685059,"y":0.43372011184692385,"z":-0.06443532556295395,"w":-0.8889805674552918},"size":4.1848931312561039,"orthographic":false}