{"cameraMode":{"drawMode":0,"name":"Shaded","section":"Shading Mode"},"sceneLighting":true,"audioPlay":false,"sceneViewState":{"showFog":true,"showMaterialUpdate":false,"showSkybox":true,"showFlares":true,"showImageEffects":true,"showParticleSystems":true},"in2DMode":false,"pivot":{"x":5.938220977783203,"y":2.6564548015594484,"z":-6.408175468444824},"rotation":{"x":-0.30407997965812685,"y":0.04484325274825096,"z":-0.014329604804515839,"w":-0.9514825940132141},"size":4.848481178283691,"orthographic":false}