{"cameraMode":{"drawMode":0,"name":"Shaded","section":"Shading Mode"},"sceneLighting":false,"audioPlay":false,"sceneViewState":{"showFog":true,"showMaterialUpdate":false,"showSkybox":true,"showFlares":true,"showImageEffects":true,"showParticleSystems":true},"in2DMode":false,"pivot":{"x":1.8530006408691407,"y":4.090000152587891,"z":6.159999847412109},"rotation":{"x":0.2806644141674042,"y":0.6529245376586914,"z":-0.28490209579467776,"w":0.6432324051856995},"size":38.587215423583987,"orthographic":false}